-- MySQL dump 10.13  Distrib 8.0.38, for Win64 (x86_64)
--
-- Host: localhost    Database: assessment
-- ------------------------------------------------------
-- Server version	8.0.39

/*!40101 SET @OLD_CHARACTER_SET_CLIENT=@@CHARACTER_SET_CLIENT */;
/*!40101 SET @OLD_CHARACTER_SET_RESULTS=@@CHARACTER_SET_RESULTS */;
/*!40101 SET @OLD_COLLATION_CONNECTION=@@COLLATION_CONNECTION */;
/*!50503 SET NAMES utf8 */;
/*!40103 SET @OLD_TIME_ZONE=@@TIME_ZONE */;
/*!40103 SET TIME_ZONE='+00:00' */;
/*!40014 SET @OLD_UNIQUE_CHECKS=@@UNIQUE_CHECKS, UNIQUE_CHECKS=0 */;
/*!40014 SET @OLD_FOREIGN_KEY_CHECKS=@@FOREIGN_KEY_CHECKS, FOREIGN_KEY_CHECKS=0 */;
/*!40101 SET @OLD_SQL_MODE=@@SQL_MODE, SQL_MODE='NO_AUTO_VALUE_ON_ZERO' */;
/*!40111 SET @OLD_SQL_NOTES=@@SQL_NOTES, SQL_NOTES=0 */;

--
-- Table structure for table `annotations`
--

DROP TABLE IF EXISTS `annotations`;
/*!40101 SET @saved_cs_client     = @@character_set_client */;
/*!50503 SET character_set_client = utf8mb4 */;
CREATE TABLE `annotations` (
  `id` int NOT NULL,
  `id_case` int NOT NULL,
  `version` int NOT NULL,
  `category` int NOT NULL,
  `log_prob` float NOT NULL,
  `active` tinyint(1) NOT NULL,
  PRIMARY KEY (`id`),
  KEY `id_cases_fk_idx` (`id_case`),
  CONSTRAINT `id_cases_fk` FOREIGN KEY (`id_case`) REFERENCES `cases` (`id`)
) ENGINE=InnoDB DEFAULT CHARSET=utf8mb4 COLLATE=utf8mb4_0900_ai_ci;
/*!40101 SET character_set_client = @saved_cs_client */;

--
-- Dumping data for table `annotations`
--

LOCK TABLES `annotations` WRITE;
/*!40000 ALTER TABLE `annotations` DISABLE KEYS */;
INSERT INTO `annotations` VALUES (1,12,1,0,-0.023541,1),(2,12,1,1,-98.6313,1),(3,12,1,2,-98.6313,1),(4,12,1,3,-98.6313,1),(5,12,1,4,-98.6313,1),(6,12,1,5,-98.6313,1),(7,12,1,6,-98.6313,1),(8,12,1,7,-98.6313,1),(9,12,1,8,-98.6313,1),(10,12,1,9,-98.6313,1),(11,12,1,10,-98.6313,1),(12,12,1,11,-98.6313,1),(13,12,1,12,-98.6313,1),(14,12,1,13,-98.6313,1),(15,12,1,14,-98.6313,1),(16,12,1,15,-0.677728,1),(17,12,1,16,-98.6313,1),(18,12,1,17,-98.6313,1),(19,12,1,18,-98.6313,1),(20,12,1,19,-98.6313,1),(21,12,1,20,-98.6313,1),(22,12,1,21,-98.6313,1),(23,12,1,22,-0.538589,1),(24,13,1,0,-10.9469,1),(25,13,1,1,-0.804012,1),(26,13,1,2,-10.9469,1),(27,13,1,3,-10.9469,1),(28,13,1,4,-10.9469,1),(29,13,1,5,-10.9469,1),(30,13,1,6,-10.9469,1),(31,13,1,7,-10.9469,1),(32,13,1,8,-10.9469,1),(33,13,1,9,-10.9469,1),(34,13,1,10,-10.9469,1),(35,13,1,11,-10.9469,1),(36,13,1,12,-10.9469,1),(37,13,1,13,-10.9469,1),(38,13,1,14,-10.9469,1),(39,13,1,15,-0.30888,1),(40,13,1,16,-10.9469,1),(41,13,1,17,-10.9469,1),(42,13,1,18,-10.9469,1),(43,13,1,19,-10.9469,1),(44,13,1,20,-10.9469,1),(45,13,1,21,-0.303652,1),(46,13,1,22,-0.000001,1),(47,14,1,0,-0.048588,1),(48,14,1,1,-0.000001,1),(49,14,1,2,-45.4191,1),(50,14,1,3,-45.4191,1),(51,14,1,4,-45.4191,1),(52,14,1,5,-45.4191,1),(53,14,1,6,-0.443317,1),(54,14,1,7,-0.000009,1),(55,14,1,8,-45.4191,1),(56,14,1,9,-45.4191,1),(57,14,1,10,-0.615932,1),(58,14,1,11,-45.4191,1),(59,14,1,12,-45.4191,1),(60,14,1,13,-0.213596,1),(61,14,1,14,-0.000002,1),(62,14,1,15,-0.00001,1),(63,14,1,16,-0.000001,1),(64,14,1,17,-0.00536,1),(65,14,1,18,-0.004016,1),(66,14,1,19,-0.434918,1),(67,14,1,20,-45.4191,1),(68,14,1,21,-0.665125,1),(69,14,1,22,0,1),(70,15,1,0,-0.008737,1),(71,15,1,1,-0.000054,1),(72,15,1,2,-0.043156,1),(73,15,1,3,-96.2509,1),(74,15,1,4,-96.2509,1),(75,15,1,5,-0.654385,1),(76,15,1,6,-96.2509,1),(77,15,1,7,-0.109693,1),(78,15,1,8,-0.650276,1),(79,15,1,9,-96.2509,1),(80,15,1,10,-96.2509,1),(81,15,1,11,-0.172308,1),(82,15,1,12,-0.00004,1),(83,15,1,13,0,1),(84,15,1,14,0,1),(85,15,1,15,-0.000033,1),(86,15,1,16,-0.000002,1),(87,15,1,17,-0.12784,1),(88,15,1,18,-0.000005,1),(89,15,1,19,-0.000269,1),(90,15,1,20,-0.007697,1),(91,15,1,21,-0.000058,1),(92,15,1,22,0,1),(93,12,2,0,-0.039493,1),(94,12,2,1,-0.321844,1),(95,12,2,2,-0.000112,1),(96,12,2,3,-82.2305,1),(97,12,2,4,-82.2305,1),(98,12,2,5,-82.2305,1),(99,12,2,6,-82.2305,1),(100,12,2,7,-0.84723,1),(101,12,2,8,-82.2305,1),(102,12,2,9,-82.2305,1),(103,12,2,10,-0.408386,1),(104,12,2,11,-82.2305,1),(105,12,2,12,-82.2305,1),(106,12,2,13,-0.064926,1),(107,12,2,14,-0.000002,1),(108,12,2,15,-0.000127,1),(109,12,2,16,-0.92044,1),(110,12,2,17,-0.054779,1),(111,12,2,18,-82.2305,1),(112,12,2,19,-82.2305,1),(113,12,2,20,-82.2305,1),(114,12,2,21,-82.2305,1),(115,12,2,22,-0.024583,1),(116,13,2,0,-15.0478,1),(117,13,2,1,-15.0478,1),(118,13,2,2,-15.0478,1),(119,13,2,3,-15.0478,1),(120,13,2,4,-15.0478,1),(121,13,2,5,-15.0478,1),(122,13,2,6,-15.0478,1),(123,13,2,7,-0.281585,1),(124,13,2,8,-15.0478,1),(125,13,2,9,-15.0478,1),(126,13,2,10,-15.0478,1),(127,13,2,11,-15.0478,1),(128,13,2,12,-15.0478,1),(129,13,2,13,-0.159473,1),(130,13,2,14,-0.000261,1),(131,13,2,15,0,1),(132,13,2,16,-0.016424,1),(133,13,2,17,-0.000112,1),(134,13,2,18,-15.0478,1),(135,13,2,19,-15.0478,1),(136,13,2,20,-15.0478,1),(137,13,2,21,-15.0478,1),(138,13,2,22,-0.582087,1),(139,14,2,0,-0.029752,1),(140,14,2,1,-0.000003,1),(141,14,2,2,-0.679815,1),(142,14,2,3,-26.4705,1),(143,14,2,4,-26.4705,1),(144,14,2,5,-26.4705,1),(145,14,2,6,-0.621725,1),(146,14,2,7,0,1),(147,14,2,8,-26.4705,1),(148,14,2,9,-26.4705,1),(149,14,2,10,-0.61123,1),(150,14,2,11,-0.475113,1),(151,14,2,12,-0.008615,1),(152,14,2,13,0,1),(153,14,2,14,0,1),(154,14,2,15,-0.000001,1),(155,14,2,16,-0.000001,1),(156,14,2,17,-0.004083,1),(157,14,2,18,-0.003504,1),(158,14,2,19,-26.4705,1),(159,14,2,20,-26.4705,1),(160,14,2,21,-0.252955,1),(161,14,2,22,0,1),(162,15,2,0,-0.086883,1),(163,15,2,1,-0.000003,1),(164,15,2,2,-0.395452,1),(165,15,2,3,-85.4555,1),(166,15,2,4,-0.433637,1),(167,15,2,5,-0.000001,1),(168,15,2,6,-0.000019,1),(169,15,2,7,-0.01852,1),(170,15,2,8,-0.163807,1),(171,15,2,9,-85.4555,1),(172,15,2,10,-0.582196,1),(173,15,2,11,0,1),(174,15,2,12,-0.018153,1),(175,15,2,13,0,1),(176,15,2,14,-0.000001,1),(177,15,2,15,0,1),(178,15,2,16,-0.000002,1),(179,15,2,17,-0.582169,1),(180,15,2,18,-0.000231,1),(181,15,2,19,-0.000017,1),(182,15,2,20,-0.000539,1),(183,15,2,21,-0.000013,1),(184,15,2,22,0,1),(185,12,3,0,-0.313964,1),(186,12,3,1,-0.027152,1),(187,12,3,2,-0.001517,1),(188,12,3,3,-35.8312,1),(189,12,3,4,-35.8312,1),(190,12,3,5,-0.371136,1),(191,12,3,6,-0.703945,1),(192,12,3,7,-35.8312,1),(193,12,3,8,-35.8312,1),(194,12,3,9,-35.8312,1),(195,12,3,10,-35.8312,1),(196,12,3,11,-35.8312,1),(197,12,3,12,-35.8312,1),(198,12,3,13,-0.38355,1),(199,12,3,14,-0.00016,1),(200,12,3,15,-0.000003,1),(201,12,3,16,-35.8312,1),(202,12,3,17,-35.8312,1),(203,12,3,18,-35.8312,1),(204,12,3,19,-35.8312,1),(205,12,3,20,-35.8312,1),(206,12,3,21,-35.8312,1),(207,12,3,22,-0.522866,1),(208,13,3,0,-86.2126,1),(209,13,3,1,-0.036942,1),(210,13,3,2,-86.2126,1),(211,13,3,3,-86.2126,1),(212,13,3,4,-86.2126,1),(213,13,3,5,-86.2126,1),(214,13,3,6,-86.2126,1),(215,13,3,7,-86.2126,1),(216,13,3,8,-86.2126,1),(217,13,3,9,-86.2126,1),(218,13,3,10,-86.2126,1),(219,13,3,11,-86.2126,1),(220,13,3,12,-86.2126,1),(221,13,3,13,-86.2126,1),(222,13,3,14,-86.2126,1),(223,13,3,15,-0.258993,1),(224,13,3,16,-86.2126,1),(225,13,3,17,-86.2126,1),(226,13,3,18,-86.2126,1),(227,13,3,19,-86.2126,1),(228,13,3,20,-86.2126,1),(229,13,3,21,-86.2126,1),(230,13,3,22,-86.2126,1),(231,14,3,0,-0.008615,1),(232,14,3,1,-0.000002,1),(233,14,3,2,-41.0608,1),(234,14,3,3,-41.0608,1),(235,14,3,4,-41.0608,1),(236,14,3,5,-41.0608,1),(237,14,3,6,-0.314458,1),(238,14,3,7,-0.000001,1),(239,14,3,8,-41.0608,1),(240,14,3,9,-41.0608,1),(241,14,3,10,-0.689968,1),(242,14,3,11,-0.196738,1),(243,14,3,12,-0.006716,1),(244,14,3,13,0,1),(245,14,3,14,0,1),(246,14,3,15,-0.000002,1),(247,14,3,16,-0.000002,1),(248,14,3,17,-0.000161,1),(249,14,3,18,-0.002161,1),(250,14,3,19,-0.615919,1),(251,14,3,20,-41.0608,1),(252,14,3,21,-0.50343,1),(253,14,3,22,0,1),(254,15,3,0,-0.002599,1),(255,15,3,1,-0.000163,1),(256,15,3,2,-0.006343,1),(257,15,3,3,-56.9901,1),(258,15,3,4,-56.9901,1),(259,15,3,5,-0.710953,1),(260,15,3,6,-56.9901,1),(261,15,3,7,-0.273086,1),(262,15,3,8,-56.9901,1),(263,15,3,9,-0.331782,1),(264,15,3,10,-56.9901,1),(265,15,3,11,-0.201414,1),(266,15,3,12,-0.313267,1),(267,15,3,13,0,1),(268,15,3,14,0,1),(269,15,3,15,-0.000181,1),(270,15,3,16,-0.000002,1),(271,15,3,17,-0.018307,1),(272,15,3,18,-0.000004,1),(273,15,3,19,-0.000441,1),(274,15,3,20,-0.001506,1),(275,15,3,21,-0.004079,1),(276,15,3,22,0,1),(277,1,1,0,-0.001231,1),(278,1,1,1,-0.000036,1),(279,1,1,2,-0.004323,1),(280,1,1,3,-56.8586,1),(281,1,1,4,-56.8586,1),(282,1,1,5,-56.8586,1),(283,1,1,6,-56.8586,1),(284,1,1,7,-1.04228,1),(285,1,1,8,-56.8586,1),(286,1,1,9,-56.8586,1),(287,1,1,10,-1.03702,1),(288,1,1,11,-56.8586,1),(289,1,1,12,-56.8586,1),(290,1,1,13,-0.105393,1),(291,1,1,14,-0.000007,1),(292,1,1,15,-0.00011,1),(293,1,1,16,-0.000023,1),(294,1,1,17,-0.000004,1),(295,1,1,18,-0.00017,1),(296,1,1,19,-0.178977,1),(297,1,1,20,-0.052473,1),(298,1,1,21,-0.000003,1),(299,1,1,22,0,1),(300,2,1,0,-0.326006,1),(301,2,1,1,-0.003496,1),(302,2,1,2,-0.13718,1),(303,2,1,3,-44.1188,1),(304,2,1,4,-44.1188,1),(305,2,1,5,-0.40725,1),(306,2,1,6,-0.000109,1),(307,2,1,7,-0.000009,1),(308,2,1,8,-44.1188,1),(309,2,1,9,-44.1188,1),(310,2,1,10,-0.606375,1),(311,2,1,11,-0.00021,1),(312,2,1,12,-44.1188,1),(313,2,1,13,-0.160246,1),(314,2,1,14,-0.000067,1),(315,2,1,15,-0.000015,1),(316,2,1,16,0,1),(317,2,1,17,-0.000569,1),(318,2,1,18,-0.000001,1),(319,2,1,19,-0.790262,1),(320,2,1,20,-44.1188,1),(321,2,1,21,-0.008654,1),(322,2,1,22,0,1),(323,3,1,0,-52.2118,1),(324,3,1,1,-0.10021,1),(325,3,1,2,-52.2118,1),(326,3,1,3,-52.2118,1),(327,3,1,4,-52.2118,1),(328,3,1,5,-52.2118,1),(329,3,1,6,-52.2118,1),(330,3,1,7,-0.540537,1),(331,3,1,8,-52.2118,1),(332,3,1,9,-52.2118,1),(333,3,1,10,-0.989704,1),(334,3,1,11,-52.2118,1),(335,3,1,12,-52.2118,1),(336,3,1,13,-0.318097,1),(337,3,1,14,-52.2118,1),(338,3,1,15,-0.266387,1),(339,3,1,16,-0.00004,1),(340,3,1,17,-0.000161,1),(341,3,1,18,-0.116284,1),(342,3,1,19,-52.2118,1),(343,3,1,20,-52.2118,1),(344,3,1,21,-52.2118,1),(345,3,1,22,-0.767888,1),(346,4,1,0,-0.07889,1),(347,4,1,1,0,1),(348,4,1,2,-0.024897,1),(349,4,1,3,-0.786239,1),(350,4,1,4,-46.3992,1),(351,4,1,5,-0.501287,1),(352,4,1,6,-0.100253,1),(353,4,1,7,-0.000193,1),(354,4,1,8,-0.722033,1),(355,4,1,9,-46.3992,1),(356,4,1,10,-0.257276,1),(357,4,1,11,-0.021327,1),(358,4,1,12,-0.029757,1),(359,4,1,13,0,1),(360,4,1,14,-0.000012,1),(361,4,1,15,-0.000004,1),(362,4,1,16,-0.000022,1),(363,4,1,17,-0.00121,1),(364,4,1,18,-0.000001,1),(365,4,1,19,-0.00315,1),(366,4,1,20,-46.3992,1),(367,4,1,21,-0.213257,1),(368,4,1,22,0,1),(369,5,1,0,-0.100234,1),(370,5,1,1,-0.000159,1),(371,5,1,2,-0.092017,1),(372,5,1,3,-99.6886,1),(373,5,1,4,-99.6886,1),(374,5,1,5,-99.6886,1),(375,5,1,6,-99.6886,1),(376,5,1,7,-0.170253,1),(377,5,1,8,-99.6886,1),(378,5,1,9,-99.6886,1),(379,5,1,10,-0.967824,1),(380,5,1,11,-99.6886,1),(381,5,1,12,-99.6886,1),(382,5,1,13,-0.208496,1),(383,5,1,14,-0.000002,1),(384,5,1,15,-0.000019,1),(385,5,1,16,-0.000007,1),(386,5,1,17,-0.000557,1),(387,5,1,18,-0.014941,1),(388,5,1,19,-0.004337,1),(389,5,1,20,-0.001505,1),(390,5,1,21,-0.07889,1),(391,5,1,22,0,1),(392,6,1,0,-0.474666,1),(393,6,1,1,-0.000648,1),(394,6,1,2,-0.918772,1),(395,6,1,3,-0.288614,1),(396,6,1,4,-0.014276,1),(397,6,1,5,-0.000008,1),(398,6,1,6,0,1),(399,6,1,7,-0.000001,1),(400,6,1,8,-0.024756,1),(401,6,1,9,-49.4316,1),(402,6,1,10,-0.313262,1),(403,6,1,11,-0.000003,1),(404,6,1,12,-0.000001,1),(405,6,1,13,-0.000001,1),(406,6,1,14,0,1),(407,6,1,15,-0.000001,1),(408,6,1,16,0,1),(409,6,1,17,-0.000206,1),(410,6,1,18,-0.000035,1),(411,6,1,19,-49.4316,1),(412,6,1,20,-49.4316,1),(413,6,1,21,-0.441711,1),(414,6,1,22,0,1),(415,7,1,0,-0.313453,1),(416,7,1,1,-0.000167,1),(417,7,1,2,-0.023371,1),(418,7,1,3,-0.000007,1),(419,7,1,4,-0.03808,1),(420,7,1,5,-0.001171,1),(421,7,1,6,0,1),(422,7,1,7,0,1),(423,7,1,8,0,1),(424,7,1,9,-0.160225,1),(425,7,1,10,0,1),(426,7,1,11,0,1),(427,7,1,12,-0.000001,1),(428,7,1,13,0,1),(429,7,1,14,0,1),(430,7,1,15,0,1),(431,7,1,16,0,1),(432,7,1,17,0,1),(433,7,1,18,0,1),(434,7,1,19,0,1),(435,7,1,20,-0.000001,1),(436,7,1,21,0,1),(437,7,1,22,0,1),(438,8,1,0,-77.5244,1),(439,8,1,1,-0.313593,1),(440,8,1,2,-77.5244,1),(441,8,1,3,-77.5244,1),(442,8,1,4,-77.5244,1),(443,8,1,5,-0.705534,1),(444,8,1,6,-77.5244,1),(445,8,1,7,-77.5244,1),(446,8,1,8,-77.5244,1),(447,8,1,9,-77.5244,1),(448,8,1,10,-77.5244,1),(449,8,1,11,-77.5244,1),(450,8,1,12,-77.5244,1),(451,8,1,13,-0.007659,1),(452,8,1,14,0,1),(453,8,1,15,-0.000899,1),(454,8,1,16,-77.5244,1),(455,8,1,17,-77.5244,1),(456,8,1,18,-77.5244,1),(457,8,1,19,-77.5244,1),(458,8,1,20,-77.5244,1),(459,8,1,21,-0.253134,1),(460,8,1,22,0,1),(461,9,1,0,-42.5425,1),(462,9,1,1,-0.40112,1),(463,9,1,2,-42.5425,1),(464,9,1,3,-42.5425,1),(465,9,1,4,-42.5425,1),(466,9,1,5,-0.001758,1),(467,9,1,6,-0.000127,1),(468,9,1,7,-0.639242,1),(469,9,1,8,-42.5425,1),(470,9,1,9,-42.5425,1),(471,9,1,10,-42.5425,1),(472,9,1,11,-42.5425,1),(473,9,1,12,-42.5425,1),(474,9,1,13,-0.688423,1),(475,9,1,14,0,1),(476,9,1,15,-0.00008,1),(477,9,1,16,-0.405257,1),(478,9,1,17,-0.000023,1),(479,9,1,18,-42.5425,1),(480,9,1,19,-42.5425,1),(481,9,1,20,-42.5425,1),(482,9,1,21,-0.70091,1),(483,9,1,22,-0.00002,1),(484,10,1,0,-0.57608,1),(485,10,1,1,-0.000104,1),(486,10,1,2,-0.400564,1),(487,10,1,3,-93.5517,1),(488,10,1,4,-93.5517,1),(489,10,1,5,-93.5517,1),(490,10,1,6,-93.5517,1),(491,10,1,7,-0.541025,1),(492,10,1,8,-93.5517,1),(493,10,1,9,-93.5517,1),(494,10,1,10,-93.5517,1),(495,10,1,11,-93.5517,1),(496,10,1,12,-93.5517,1),(497,10,1,13,-0.087641,1),(498,10,1,14,-0.000003,1),(499,10,1,15,0,1),(500,10,1,16,-0.076527,1),(501,10,1,17,-0.000079,1),(502,10,1,18,-0.085313,1),(503,10,1,19,-93.5517,1),(504,10,1,20,-93.5517,1),(505,10,1,21,-93.5517,1),(506,10,1,22,-0.107884,1),(507,11,1,0,-71.2145,1),(508,11,1,1,-0.160517,1),(509,11,1,2,-71.2145,1),(510,11,1,3,-71.2145,1),(511,11,1,4,-71.2145,1),(512,11,1,5,-0.525172,1),(513,11,1,6,-0.003156,1),(514,11,1,7,-0.096819,1),(515,11,1,8,-71.2145,1),(516,11,1,9,-71.2145,1),(517,11,1,10,-71.2145,1),(518,11,1,11,-71.2145,1),(519,11,1,12,-71.2145,1),(520,11,1,13,-0.411976,1),(521,11,1,14,-0.000022,1),(522,11,1,15,-0.000188,1),(523,11,1,16,-0.000393,1),(524,11,1,17,-0.011254,1),(525,11,1,18,-0.055861,1),(526,11,1,19,-0.217352,1),(527,11,1,20,-71.2145,1),(528,11,1,21,-71.2145,1),(529,11,1,22,-0.171838,1),(530,1,2,0,-0.053834,1),(531,1,2,1,-0.001689,1),(532,1,2,2,-0.00239,1),(533,1,2,3,-12.1339,1),(534,1,2,4,-0.746528,1),(535,1,2,5,-0.306358,1),(536,1,2,6,-0.000712,1),(537,1,2,7,-0.000521,1),(538,1,2,8,-12.1339,1),(539,1,2,9,-12.1339,1),(540,1,2,10,-0.291167,1),(541,1,2,11,-0.209215,1),(542,1,2,12,-0.126959,1),(543,1,2,13,-0.000117,1),(544,1,2,14,-0.000005,1),(545,1,2,15,-0.000046,1),(546,1,2,16,-0.000152,1),(547,1,2,17,-0.000264,1),(548,1,2,18,-0.0005,1),(549,1,2,19,-0.028405,1),(550,1,2,20,-0.103897,1),(551,1,2,21,-0.000261,1),(552,1,2,22,0,1),(553,2,2,0,-0.160398,1),(554,2,2,1,-0.009286,1),(555,2,2,2,-0.001267,1),(556,2,2,3,-13.7679,1),(557,2,2,4,-13.7679,1),(558,2,2,5,-13.7679,1),(559,2,2,6,-0.275337,1),(560,2,2,7,-0.000013,1),(561,2,2,8,-13.7679,1),(562,2,2,9,-13.7679,1),(563,2,2,10,-13.7679,1),(564,2,2,11,-13.7679,1),(565,2,2,12,-13.7679,1),(566,2,2,13,-0.599977,1),(567,2,2,14,-13.7679,1),(568,2,2,15,-0.281624,1),(569,2,2,16,-0.000044,1),(570,2,2,17,-0.001278,1),(571,2,2,18,-0.000006,1),(572,2,2,19,-13.7679,1),(573,2,2,20,-13.7679,1),(574,2,2,21,-13.7679,1),(575,2,2,22,-0.045039,1),(576,3,2,0,-21.6532,1),(577,3,2,1,-0.083945,1),(578,3,2,2,-0.04262,1),(579,3,2,3,-21.6532,1),(580,3,2,4,-21.6532,1),(581,3,2,5,-21.6532,1),(582,3,2,6,-21.6532,1),(583,3,2,7,-0.431786,1),(584,3,2,8,-21.6532,1),(585,3,2,9,-21.6532,1),(586,3,2,10,-21.6532,1),(587,3,2,11,-21.6532,1),(588,3,2,12,-21.6532,1),(589,3,2,13,-1.11979,1),(590,3,2,14,-0.000044,1),(591,3,2,15,-0.004079,1),(592,3,2,16,-0.000008,1),(593,3,2,17,-0.000028,1),(594,3,2,18,-0.611212,1),(595,3,2,19,-21.6532,1),(596,3,2,20,-21.6532,1),(597,3,2,21,-21.6532,1),(598,3,2,22,-0.592586,1),(599,4,2,0,-85.5778,1),(600,4,2,1,-0.100277,1),(601,4,2,2,-0.144944,1),(602,4,2,3,-85.5778,1),(603,4,2,4,-85.5778,1),(604,4,2,5,-85.5778,1),(605,4,2,6,-85.5778,1),(606,4,2,7,-0.238844,1),(607,4,2,8,-85.5778,1),(608,4,2,9,-85.5778,1),(609,4,2,10,-85.5778,1),(610,4,2,11,-0.317049,1),(611,4,2,12,-0.474164,1),(612,4,2,13,-0.000247,1),(613,4,2,14,-0.00002,1),(614,4,2,15,-0.000003,1),(615,4,2,16,-0.000017,1),(616,4,2,17,-0.00071,1),(617,4,2,18,-0.000076,1),(618,4,2,19,-0.000152,1),(619,4,2,20,-85.5778,1),(620,4,2,21,-0.669149,1),(621,4,2,22,0,1),(622,5,2,0,-0.201476,1),(623,5,2,1,-0.001076,1),(624,5,2,2,-0.074897,1),(625,5,2,3,-55.6751,1),(626,5,2,4,-55.6751,1),(627,5,2,5,-55.6751,1),(628,5,2,6,-55.6751,1),(629,5,2,7,-0.19857,1),(630,5,2,8,-55.6751,1),(631,5,2,9,-55.6751,1),(632,5,2,10,-55.6751,1),(633,5,2,11,-55.6751,1),(634,5,2,12,-55.6751,1),(635,5,2,13,-0.755765,1),(636,5,2,14,-0.000001,1),(637,5,2,15,-0.000052,1),(638,5,2,16,0,1),(639,5,2,17,-0.000144,1),(640,5,2,18,-0.132048,1),(641,5,2,19,-0.041017,1),(642,5,2,20,-0.136665,1),(643,5,2,21,-0.201413,1),(644,5,2,22,0,1),(645,6,2,0,-41.6932,1),(646,6,2,1,-0.387237,1),(647,6,2,2,-41.6932,1),(648,6,2,3,-41.6932,1),(649,6,2,4,-41.6932,1),(650,6,2,5,-0.688072,1),(651,6,2,6,-0.107902,1),(652,6,2,7,-0.083481,1),(653,6,2,8,-41.6932,1),(654,6,2,9,-41.6932,1),(655,6,2,10,-0.126737,1),(656,6,2,11,-0.000006,1),(657,6,2,12,-41.6932,1),(658,6,2,13,-0.160933,1),(659,6,2,14,-0.005298,1),(660,6,2,15,-0.002604,1),(661,6,2,16,-0.000235,1),(662,6,2,17,-41.6932,1),(663,6,2,18,-0.078897,1),(664,6,2,19,-41.6932,1),(665,6,2,20,-41.6932,1),(666,6,2,21,-41.6932,1),(667,6,2,22,-0.572149,1),(668,7,2,0,-31.8411,1),(669,7,2,1,-0.257283,1),(670,7,2,2,-0.165539,1),(671,7,2,3,-0.00249,1),(672,7,2,4,-31.8411,1),(673,7,2,5,-0.394388,1),(674,7,2,6,-0.000009,1),(675,7,2,7,-0.000001,1),(676,7,2,8,-0.680271,1),(677,7,2,9,-31.8411,1),(678,7,2,10,-0.029751,1),(679,7,2,11,0,1),(680,7,2,12,-0.000036,1),(681,7,2,13,-0.000023,1),(682,7,2,14,0,1),(683,7,2,15,0,1),(684,7,2,16,-0.000003,1),(685,7,2,17,-0.000431,1),(686,7,2,18,-0.000009,1),(687,7,2,19,-0.010442,1),(688,7,2,20,-31.8411,1),(689,7,2,21,-0.474105,1),(690,7,2,22,0,1),(691,8,2,0,-0.251959,1),(692,8,2,1,-0.000006,1),(693,8,2,2,-0.288144,1),(694,8,2,3,-38.8816,1),(695,8,2,4,-38.8816,1),(696,8,2,5,-0.070976,1),(697,8,2,6,-38.8816,1),(698,8,2,7,-38.8816,1),(699,8,2,8,-38.8816,1),(700,8,2,9,-38.8816,1),(701,8,2,10,-38.8816,1),(702,8,2,11,-38.8816,1),(703,8,2,12,-38.8816,1),(704,8,2,13,-0.009278,1),(705,8,2,14,0,1),(706,8,2,15,-0.001023,1),(707,8,2,16,-38.8816,1),(708,8,2,17,-38.8816,1),(709,8,2,18,-38.8816,1),(710,8,2,19,-38.8816,1),(711,8,2,20,-38.8816,1),(712,8,2,21,-0.248056,1),(713,8,2,22,0,1),(714,9,2,0,-36.4846,1),(715,9,2,1,-0.001589,1),(716,9,2,2,-36.4846,1),(717,9,2,3,-36.4846,1),(718,9,2,4,-36.4846,1),(719,9,2,5,-0.011459,1),(720,9,2,6,-0.008608,1),(721,9,2,7,-36.4846,1),(722,9,2,8,-36.4846,1),(723,9,2,9,-36.4846,1),(724,9,2,10,-36.4846,1),(725,9,2,11,-0.515867,1),(726,9,2,12,-36.4846,1),(727,9,2,13,-0.000633,1),(728,9,2,14,-0.000002,1),(729,9,2,15,-0.000048,1),(730,9,2,16,-36.4846,1),(731,9,2,17,-36.4846,1),(732,9,2,18,-36.4846,1),(733,9,2,19,-36.4846,1),(734,9,2,20,-36.4846,1),(735,9,2,21,-0.067383,1),(736,9,2,22,-36.4846,1),(737,10,2,0,-16.8135,1),(738,10,2,1,-0.313266,1),(739,10,2,2,-16.8135,1),(740,10,2,3,-16.8135,1),(741,10,2,4,-16.8135,1),(742,10,2,5,-16.8135,1),(743,10,2,6,-16.8135,1),(744,10,2,7,-16.8135,1),(745,10,2,8,-16.8135,1),(746,10,2,9,-16.8135,1),(747,10,2,10,-16.8135,1),(748,10,2,11,-16.8135,1),(749,10,2,12,-16.8135,1),(750,10,2,13,-0.729181,1),(751,10,2,14,-16.8135,1),(752,10,2,15,-0.025354,1),(753,10,2,16,-16.8135,1),(754,10,2,17,-16.8135,1),(755,10,2,18,-16.8135,1),(756,10,2,19,-16.8135,1),(757,10,2,20,-16.8135,1),(758,10,2,21,-16.8135,1),(759,10,2,22,-16.8135,1),(760,11,2,0,-57.3854,1),(761,11,2,1,-0.474091,1),(762,11,2,2,-57.3854,1),(763,11,2,3,-57.3854,1),(764,11,2,4,-57.3854,1),(765,11,2,5,-0.898282,1),(766,11,2,6,-0.000322,1),(767,11,2,7,-0.020799,1),(768,11,2,8,-57.3854,1),(769,11,2,9,-57.3854,1),(770,11,2,10,-57.3854,1),(771,11,2,11,-0.799775,1),(772,11,2,12,-0.038055,1),(773,11,2,13,-0.001971,1),(774,11,2,14,-0.000008,1),(775,11,2,15,-0.000337,1),(776,11,2,16,-0.000267,1),(777,11,2,17,-57.3854,1),(778,11,2,18,-0.387072,1),(779,11,2,19,-0.449346,1),(780,11,2,20,-0.811449,1),(781,11,2,21,-57.3854,1),(782,11,2,22,-0.061968,1),(783,1,3,0,-0.002883,1),(784,1,3,1,-0.002197,1),(785,1,3,2,-0.000612,1),(786,1,3,3,-0.275832,1),(787,1,3,4,-0.07097,1),(788,1,3,5,-0.000012,1),(789,1,3,6,-0.000001,1),(790,1,3,7,0,1),(791,1,3,8,-0.000173,1),(792,1,3,9,-0.006758,1),(793,1,3,10,-0.000007,1),(794,1,3,11,-0.000008,1),(795,1,3,12,-0.000019,1),(796,1,3,13,0,1),(797,1,3,14,0,1),(798,1,3,15,-0.000001,1),(799,1,3,16,0,1),(800,1,3,17,0,1),(801,1,3,18,-0.000152,1),(802,1,3,19,-0.00076,1),(803,1,3,20,-0.000002,1),(804,1,3,21,-0.000002,1),(805,1,3,22,0,1),(806,2,3,0,-54.3053,1),(807,2,3,1,-0.162349,1),(808,2,3,2,-54.3053,1),(809,2,3,3,-54.3053,1),(810,2,3,4,-54.3053,1),(811,2,3,5,-0.028108,1),(812,2,3,6,-54.3053,1),(813,2,3,7,-0.251992,1),(814,2,3,8,-54.3053,1),(815,2,3,9,-54.3053,1),(816,2,3,10,-1.0043,1),(817,2,3,11,-54.3053,1),(818,2,3,12,-54.3053,1),(819,2,3,13,-54.3053,1),(820,2,3,14,-54.3053,1),(821,2,3,15,-0.73733,1),(822,2,3,16,-0.000183,1),(823,2,3,17,-0.000939,1),(824,2,3,18,-0.000013,1),(825,2,3,19,-54.3053,1),(826,2,3,20,-54.3053,1),(827,2,3,21,-0.000808,1),(828,2,3,22,0,1),(829,3,3,0,-0.305639,1),(830,3,3,1,-0.000139,1),(831,3,3,2,-0.315314,1),(832,3,3,3,-1.3,1),(833,3,3,4,-0.269813,1),(834,3,3,5,-0.000059,1),(835,3,3,6,-0.000001,1),(836,3,3,7,-0.000004,1),(837,3,3,8,-72.1618,1),(838,3,3,9,-0.64332,1),(839,3,3,10,-0.002333,1),(840,3,3,11,-0.026702,1),(841,3,3,12,-0.000553,1),(842,3,3,13,-0.000001,1),(843,3,3,14,-0.000032,1),(844,3,3,15,-0.000001,1),(845,3,3,16,-0.000038,1),(846,3,3,17,-0.000002,1),(847,3,3,18,-0.000139,1),(848,3,3,19,-72.1618,1),(849,3,3,20,-72.1618,1),(850,3,3,21,-0.603309,1),(851,3,3,22,0,1),(852,4,3,0,-63.7406,1),(853,4,3,1,-0.252886,1),(854,4,3,2,-63.7406,1),(855,4,3,3,-63.7406,1),(856,4,3,4,-63.7406,1),(857,4,3,5,-63.7406,1),(858,4,3,6,-63.7406,1),(859,4,3,7,-0.344583,1),(860,4,3,8,-63.7406,1),(861,4,3,9,-63.7406,1),(862,4,3,10,-63.7406,1),(863,4,3,11,-63.7406,1),(864,4,3,12,-63.7406,1),(865,4,3,13,-1.36679,1),(866,4,3,14,-63.7406,1),(867,4,3,15,-0.43015,1),(868,4,3,16,-0.002976,1),(869,4,3,17,-0.037962,1),(870,4,3,18,-0.040245,1),(871,4,3,19,-0.001996,1),(872,4,3,20,-63.7406,1),(873,4,3,21,-0.045964,1),(874,4,3,22,0,1),(875,5,3,0,-88.4123,1),(876,5,3,1,-0.581875,1),(877,5,3,2,-88.4123,1),(878,5,3,3,-88.4123,1),(879,5,3,4,-88.4123,1),(880,5,3,5,-88.4123,1),(881,5,3,6,-88.4123,1),(882,5,3,7,-88.4123,1),(883,5,3,8,-88.4123,1),(884,5,3,9,-88.4123,1),(885,5,3,10,-88.4123,1),(886,5,3,11,-88.4123,1),(887,5,3,12,-88.4123,1),(888,5,3,13,-88.4123,1),(889,5,3,14,-88.4123,1),(890,5,3,15,-0.783474,1),(891,5,3,16,-0.000059,1),(892,5,3,17,-0.00025,1),(893,5,3,18,-0.106966,1),(894,5,3,19,-0.205546,1),(895,5,3,20,-88.4123,1),(896,5,3,21,-88.4123,1),(897,5,3,22,-0.576786,1),(898,6,3,0,-99.145,1),(899,6,3,1,-99.145,1),(900,6,3,2,-99.145,1),(901,6,3,3,-1.18158,1),(902,6,3,4,-99.145,1),(903,6,3,5,-0.86881,1),(904,6,3,6,-0.00111,1),(905,6,3,7,-0.053167,1),(906,6,3,8,-99.145,1),(907,6,3,9,-99.145,1),(908,6,3,10,-0.484032,1),(909,6,3,11,-0.000001,1),(910,6,3,12,-0.038186,1),(911,6,3,13,-0.000013,1),(912,6,3,14,-0.000005,1),(913,6,3,15,-0.000217,1),(914,6,3,16,-0.001548,1),(915,6,3,17,-0.000263,1),(916,6,3,18,-0.000092,1),(917,6,3,19,-0.181811,1),(918,6,3,20,-0.003097,1),(919,6,3,21,-0.000001,1),(920,6,3,22,0,1),(921,7,3,0,-29.3681,1),(922,7,3,1,-0.57773,1),(923,7,3,2,-0.409912,1),(924,7,3,3,-0.588861,1),(925,7,3,4,-0.281722,1),(926,7,3,5,-0.000181,1),(927,7,3,6,0,1),(928,7,3,7,-0.000001,1),(929,7,3,8,-0.000558,1),(930,7,3,9,-29.3681,1),(931,7,3,10,-0.313326,1),(932,7,3,11,0,1),(933,7,3,12,-0.062106,1),(934,7,3,13,-0.000003,1),(935,7,3,14,0,1),(936,7,3,15,-0.000002,1),(937,7,3,16,0,1),(938,7,3,17,-0.000005,1),(939,7,3,18,-0.000003,1),(940,7,3,19,-0.000065,1),(941,7,3,20,-0.127107,1),(942,7,3,21,0,1),(943,7,3,22,0,1),(944,8,3,0,-77.2344,1),(945,8,3,1,-0.163613,1),(946,8,3,2,-77.2344,1),(947,8,3,3,-77.2344,1),(948,8,3,4,-77.2344,1),(949,8,3,5,-77.2344,1),(950,8,3,6,-77.2344,1),(951,8,3,7,-77.2344,1),(952,8,3,8,-77.2344,1),(953,8,3,9,-77.2344,1),(954,8,3,10,-77.2344,1),(955,8,3,11,-77.2344,1),(956,8,3,12,-77.2344,1),(957,8,3,13,-77.2344,1),(958,8,3,14,-77.2344,1),(959,8,3,15,-1.1051,1),(960,8,3,16,-77.2344,1),(961,8,3,17,-77.2344,1),(962,8,3,18,-77.2344,1),(963,8,3,19,-77.2344,1),(964,8,3,20,-77.2344,1),(965,8,3,21,-0.561796,1),(966,8,3,22,0,1),(967,9,3,0,-32.7339,1),(968,9,3,1,-0.43256,1),(969,9,3,2,-32.7339,1),(970,9,3,3,-32.7339,1),(971,9,3,4,-32.7339,1),(972,9,3,5,-0.00742,1),(973,9,3,6,-0.00096,1),(974,9,3,7,-0.530123,1),(975,9,3,8,-32.7339,1),(976,9,3,9,-32.7339,1),(977,9,3,10,-0.950831,1),(978,9,3,11,0,1),(979,9,3,12,-32.7339,1),(980,9,3,13,-0.029753,1),(981,9,3,14,-0.000002,1),(982,9,3,15,-0.000435,1),(983,9,3,16,-0.061839,1),(984,9,3,17,-0.000239,1),(985,9,3,18,-0.05708,1),(986,9,3,19,-32.7339,1),(987,9,3,20,-32.7339,1),(988,9,3,21,-0.075767,1),(989,9,3,22,-0.000002,1),(990,10,3,0,-40.9941,1),(991,10,3,1,-0.481465,1),(992,10,3,2,-0.064714,1),(993,10,3,3,-40.9941,1),(994,10,3,4,-40.9941,1),(995,10,3,5,-1.08363,1),(996,10,3,6,-40.9941,1),(997,10,3,7,-40.9941,1),(998,10,3,8,-40.9941,1),(999,10,3,9,-40.9941,1),(1000,10,3,10,-40.9941,1),(1001,10,3,11,-40.9941,1),(1002,10,3,12,-40.9941,1),(1003,10,3,13,-0.259865,1),(1004,10,3,14,-0.005245,1),(1005,10,3,15,-0.00013,1),(1006,10,3,16,-40.9941,1),(1007,10,3,17,-40.9941,1),(1008,10,3,18,-40.9941,1),(1009,10,3,19,-40.9941,1),(1010,10,3,20,-40.9941,1),(1011,10,3,21,-40.9941,1),(1012,10,3,22,-0.285596,1),(1013,11,3,0,-72.8264,1),(1014,11,3,1,-0.184237,1),(1015,11,3,2,-0.418761,1),(1016,11,3,3,-0.631732,1),(1017,11,3,4,-0.528935,1),(1018,11,3,5,-0.014177,1),(1019,11,3,6,-0.000004,1),(1020,11,3,7,-0.000285,1),(1021,11,3,8,-72.8264,1),(1022,11,3,9,-0.669152,1),(1023,11,3,10,-0.00001,1),(1024,11,3,11,0,1),(1025,11,3,12,-0.000029,1),(1026,11,3,13,0,1),(1027,11,3,14,0,1),(1028,11,3,15,0,1),(1029,11,3,16,-0.000011,1),(1030,11,3,17,-0.000009,1),(1031,11,3,18,-0.000053,1),(1032,11,3,19,-0.022685,1),(1033,11,3,20,-0.005999,1),(1034,11,3,21,-0.000002,1),(1035,11,3,22,0,1);
/*!40000 ALTER TABLE `annotations` ENABLE KEYS */;
UNLOCK TABLES;

--
-- Table structure for table `cases`
--

DROP TABLE IF EXISTS `cases`;
/*!40101 SET @saved_cs_client     = @@character_set_client */;
/*!50503 SET character_set_client = utf8mb4 */;
CREATE TABLE `cases` (
  `id` int NOT NULL,
  `id_normative` int NOT NULL,
  `id_law` int NOT NULL,
  `name` varchar(500) NOT NULL,
  `alias` varchar(500) NOT NULL,
  `description` varchar(5000) NOT NULL,
  `version` int NOT NULL,
  `version_cs` int NOT NULL,
  `version_ncs` int NOT NULL,
  `active` tinyint(1) NOT NULL,
  PRIMARY KEY (`id`),
  KEY `fk_normatives_idx` (`id_normative`),
  KEY `fk_laws_idx` (`id_law`),
  CONSTRAINT `fk_laws` FOREIGN KEY (`id_law`) REFERENCES `laws` (`id`),
  CONSTRAINT `fk_norms` FOREIGN KEY (`id_normative`) REFERENCES `normatives` (`id`)
) ENGINE=InnoDB DEFAULT CHARSET=utf8mb4 COLLATE=utf8mb4_0900_ai_ci;
/*!40101 SET character_set_client = @saved_cs_client */;

--
-- Dumping data for table `cases`
--

LOCK TABLES `cases` WRITE;
/*!40000 ALTER TABLE `cases` DISABLE KEYS */;
INSERT INTO `cases` VALUES (1,1,1,'ISO and GDPR','GDPR (Europe)','This case study defines how well the GDPR is aligned with the ISO/IEC 27701:2025 standard. This serves as a baseline for the study.',3,3,3,1),(2,1,2,'ISO and Law 7593/25','Law 7593/25 (Paraguay)','This case study establishes the mapping between the ISO/IEC 27701:2025 and the Law 7593/25 of Paraguay, in order to unveil how well this privacy legal framework is aligned with the standard.',3,3,3,1),(3,1,3,'ISO and Law 21719','Law 21719 (Chile)','This study defines how well the ISO/IEC 27701:2019 standard is aligned with Law 21719 of Chile, allowing to unveils critical maps.',3,3,3,1),(4,1,4,'ISO and LOPDP','LOPDP (Ecuador)','This case study is oriented to establish how well the LOPDP of Ecuador is aligned with the ISO/IEC 27701:2025 standard.',3,3,3,1),(5,1,5,'ISO and RLOPDP','RLOPDP (Ecuador)','In order to determine how well thr RLOPDP of Ecuador is aligned with ISO/IEC 27701:2019, this case study analyzes this regulation through GPT.',3,3,3,1),(6,1,6,'ISO and LFPDPPP','LFPDPPP (México)','This case study analyzes the alignment between the ISO/IEC 27701:2025 and the LFPDPPP, in order to unveil critical gaps that this privacy legal framework could have.',3,3,3,1),(7,1,7,'ISO and LOPDPPSO','LOPDPPSO (México)','This case study analyzes the level of alignment between the ISO/IEC 27701:2025 and LGPDPPSO, in order to be analyzed with GPT some pros and cons.',3,3,3,1),(8,1,8,'ISO and Law 1581','Law 1581 (Colombia)','This case study maps the ISO/IEC 27701:2025 and the Law 1581 of Colombia, in order to analyze current gaps and opportunities for improvement.',3,3,3,1),(9,1,9,'ISO and Decree 1733','Decree 1377 (Colombia)','This case study maps the ISO/IEC 27701:2025 and the Decree 1377 of Colombia, in order to analyze current gaps and opportunities for improvement.',3,3,3,1),(10,1,10,'ISO and Law 29733','Law 29733 (Perú)','Mapping between the ISO/IEC 27701 and the Law 29733 of Perú for analysis purposes.',3,3,3,1),(11,1,11,'ISO and Supreme Decree 016-2024-JUS','Supreme Decree 016-2024-JUS (Perú)','Case study for analyzing the ISO/IEC 27701:2025 and Supreme Decree 016-2024-JUS of Perú.',3,3,3,1),(12,1,12,'ISO and Law 18332','Law 18332 (Uruguay)','Manages the mapping between ISO and Uruguay Law 18332 for subsequent analysis.',3,3,3,1),(13,1,13,'ISO and Law 25316','Law 25316 (Argentina)','Manages the information between ISO/IEC 27701:2025 and Law 25316 from Argentina.',3,3,3,1),(14,1,14,'ISO and LGPD - Law 173709','LGPD - Law 173709 (Brazil)','Mapping of LGPD - Law 173709 fro analysis with ISO/IEC 27701:2025.',3,3,3,1),(15,1,15,'ISO and CCPA','CCPA (California)','Analysis of CCPA under the ISO/IEC 27701:2025 lens.',3,3,3,1);
/*!40000 ALTER TABLE `cases` ENABLE KEYS */;
UNLOCK TABLES;

--
-- Table structure for table `laws`
--

DROP TABLE IF EXISTS `laws`;
/*!40101 SET @saved_cs_client     = @@character_set_client */;
/*!50503 SET character_set_client = utf8mb4 */;
CREATE TABLE `laws` (
  `id` int NOT NULL,
  `name` varchar(500) NOT NULL,
  `alias` varchar(500) NOT NULL,
  `description` varchar(5000) NOT NULL,
  `active` tinyint(1) NOT NULL,
  PRIMARY KEY (`id`)
) ENGINE=InnoDB DEFAULT CHARSET=utf8mb4 COLLATE=utf8mb4_0900_ai_ci;
/*!40101 SET character_set_client = @saved_cs_client */;

--
-- Dumping data for table `laws`
--

LOCK TABLES `laws` WRITE;
/*!40000 ALTER TABLE `laws` DISABLE KEYS */;
INSERT INTO `laws` VALUES (1,'General Data Protection Regulation','GDPR','The GDPR (General Data Protection Regulation) is a European Union regulation designed to protect individuals’ personal data. It sets rules for how organizations collect, process, store, and share personal information, and gives people greater control over their privacy and data rights.',1),(2,'Law 7593/25 Paraguay','Law 7593 25','Law 7593/25 (Paraguay) is Paraguay’s new Personal Data Protection Law, enacted on 27 November 2025, that establishes the country’s first modern, comprehensive legal framework for how personal data must be handled by public and private organizations.',1),(3,'Law 21719 Chile','Law 21719','Law 21719 (Chile) is Chile’s new Personal Data Protection Law (officially Law 21.719), published on December 13, 2024, that regulates how personal data is collected, processed, stored, and shared by public and private organizations and creates the Personal Data Protection Agency as an independent authority to supervise compliance.',1),(4,'Ley Orgánica de Protección de Datos Personales','LOPDP','The Ley Orgánica de Protección de Datos Personales, enacted in May 2021, regulates the collection and use of personal data, protects individuals’ privacy rights, and sets obligations for organizations that process such data.',1),(5,'Reglamento a la Ley Orgánica de Protección de Datos Personales','RLOPDP','The Reglamento a la Ley Orgánica de Protección de Datos Personales de Ecuador (RLOPDP) is the implementing regulation that details and clarifies how the LOPDP must be applied, specifying procedures and obligations.',1),(6,'Ley Federal de Protección de Datos Personales en Posesión de Particulares','LFPDPPP','The LFPDPPP is Mexico’s main data protection law, regulating how private organizations collect, use, store, and protect personal data, and granting individuals rights over their personal information.',1),(7,'Ley General de Protección de Datos Personales en Posesión de Sujetos Obligados','LGPDPPSO','The LGPDPPSO is Mexico’s data protection law that regulates how public authorities and government entities process and protect personal data, ensuring individuals’ privacy rights.',1),(8,'Law 1581 Colombia','Law 1581','Law 1581 of Colombia is the country’s personal data protection law that regulates how personal data is collected, used, stored, and shared, and guarantees individuals’ rights over their personal information, such as access, correction, and deletion.',1),(9,'Decree 1377 Colombia','Decree 1377','Decree 1377 of Colombia is a regulatory decree that implements Law 1581, establishing procedures and requirements for the authorization, processing, and protection of personal data by organizations.',1),(10,'Law 29733 Perú','Law 29733','Law 29733 of Perú is the Personal Data Protection Law that regulates the collection, processing, and protection of personal data, and guarantees individuals’ rights over their personal information.',1),(11,'Supreme Decree 016-2024-JUS Perú','Supreme Decree 016-2024-JUS','Supreme Decree 016‑2024‑JUS (Peru) is the regulation that implements Law 29733, the Personal Data Protection Law in Peru. Published on November 30 2024 and in force from March 31 2025, it updates and replaces the previous regulation, modernizing the data protection framework.',1),(12,'Law 18331 Uruguay','Law 18331','Law No. 18.331 is Uruguay’s main data protection law, enacted in 2008.\n\nIt regulates the protection of personal data and the right to habeas data, recognizing personal data protection as a fundamental human right.',1),(13,'Law 25326 Argentina','Law 25326','Law No. 25.326 is Argentina’s national Personal Data Protection Law, enacted in 2000. It establishes a legal framework to protect the privacy and personal data of individuals and to guarantee related constitutional rights such as access to personal information and habeas data.',1),(14,'Brazilian Data Protection Law','LGPD - Law 13709','Brazil’s General Data Protection Law (LGPD) (Lei nº 13709 of 2018) is Brazil’s comprehensive data protection and privacy law, similar in purpose to the GDPR in the European Union. It was enacted in 2018 and fully came into force in 2020–2021.',1),(15,'California Consumer Privacy Act ','CCPA','California Consumer Privacy Act (CCPA) is a California state privacy law enacted in 2018 and effective since January 1, 2020.',1);
/*!40000 ALTER TABLE `laws` ENABLE KEYS */;
UNLOCK TABLES;

--
-- Table structure for table `normatives`
--

DROP TABLE IF EXISTS `normatives`;
/*!40101 SET @saved_cs_client     = @@character_set_client */;
/*!50503 SET character_set_client = utf8mb4 */;
CREATE TABLE `normatives` (
  `id` int NOT NULL,
  `name` varchar(500) NOT NULL,
  `alias` varchar(500) NOT NULL,
  `description` varchar(5000) NOT NULL,
  `active` tinyint(1) NOT NULL,
  PRIMARY KEY (`id`)
) ENGINE=InnoDB DEFAULT CHARSET=utf8mb4 COLLATE=utf8mb4_0900_ai_ci;
/*!40101 SET character_set_client = @saved_cs_client */;

--
-- Dumping data for table `normatives`
--

LOCK TABLES `normatives` WRITE;
/*!40000 ALTER TABLE `normatives` DISABLE KEYS */;
INSERT INTO `normatives` VALUES (1,'ISO/IEC 27701:2025 Standard','ISO IEC 27701','Information security, cybersecurity and privacy protection - Privacy information management systems - Requirements and guidance',1);
/*!40000 ALTER TABLE `normatives` ENABLE KEYS */;
UNLOCK TABLES;

--
-- Table structure for table `principles`
--

DROP TABLE IF EXISTS `principles`;
/*!40101 SET @saved_cs_client     = @@character_set_client */;
/*!50503 SET character_set_client = utf8mb4 */;
CREATE TABLE `principles` (
  `id` int NOT NULL,
  `id_normative` int NOT NULL,
  `principle` int NOT NULL,
  `category_from` int NOT NULL,
  `category_to` int NOT NULL,
  `active` tinyint(1) NOT NULL,
  PRIMARY KEY (`id`),
  KEY `fk1_idx` (`id_normative`),
  CONSTRAINT `fk_normatives` FOREIGN KEY (`id_normative`) REFERENCES `normatives` (`id`)
) ENGINE=InnoDB DEFAULT CHARSET=utf8mb4 COLLATE=utf8mb4_0900_ai_ci;
/*!40101 SET character_set_client = @saved_cs_client */;

--
-- Dumping data for table `principles`
--

LOCK TABLES `principles` WRITE;
/*!40000 ALTER TABLE `principles` DISABLE KEYS */;
INSERT INTO `principles` VALUES (1,1,1,0,3,1),(2,1,2,4,6,1),(3,1,3,7,9,1),(4,1,4,10,14,1),(5,1,5,15,17,1),(6,1,6,18,20,1),(7,1,7,21,22,1);
/*!40000 ALTER TABLE `principles` ENABLE KEYS */;
UNLOCK TABLES;
/*!40103 SET TIME_ZONE=@OLD_TIME_ZONE */;

/*!40101 SET SQL_MODE=@OLD_SQL_MODE */;
/*!40014 SET FOREIGN_KEY_CHECKS=@OLD_FOREIGN_KEY_CHECKS */;
/*!40014 SET UNIQUE_CHECKS=@OLD_UNIQUE_CHECKS */;
/*!40101 SET CHARACTER_SET_CLIENT=@OLD_CHARACTER_SET_CLIENT */;
/*!40101 SET CHARACTER_SET_RESULTS=@OLD_CHARACTER_SET_RESULTS */;
/*!40101 SET COLLATION_CONNECTION=@OLD_COLLATION_CONNECTION */;
/*!40111 SET SQL_NOTES=@OLD_SQL_NOTES */;

-- Dump completed on 2026-02-26  0:36:34
